<metadata xml:lang="en"><Esri><CreaDate>20181103</CreaDate><CreaTime>16442500</CreaTime><ArcGISFormat>1.0</ArcGISFormat><SyncOnce>FALSE</SyncOnce><DataProperties><lineage><Process ToolSource="C:\ArcGIS\Desktop10.0\ArcToolbox\Toolboxes\Data Management Tools.tbx\CalculateField" Date="20140908" Time="104247" Name="" export="">CalculateField Combined_Features_Fed_Native_Wild_9_5_14 FEATURE1 "Other" VB #</Process><Process ToolSource="C:\ArcGIS\Desktop10.0\ArcToolbox\Toolboxes\Data Management Tools.tbx\CalculateField" Date="20140910" Time="070009" Name="" export="">CalculateField Combined_Features_Fed_Native_Wild_9_8_14 ADMIN3 "N/A" VB #</Process><Process ToolSource="C:\ArcGIS\Desktop10.0\ArcToolbox\Toolboxes\Data Management Tools.tbx\CalculateField" Date="20140910" Time="070209" Name="" export="">CalculateField Combined_Features_Fed_Native_Wild_9_8_14 ADMIN3 "N/A" VB #</Process><Process ToolSource="C:\ArcGIS\Desktop10.0\ArcToolbox\Toolboxes\Data Management Tools.tbx\CalculateField" Date="20140911" Time="064846" Name="" export="">CalculateField Combined_Features_Fed_Native_Wild_9_10_14 URL "http://www.fs.fed.us/recreation/map/state_list.shtml" VB #</Process><Process ToolSource="C:\ArcGIS\Desktop10.0\ArcToolbox\Toolboxes\Data Management Tools.tbx\CalculateField" Date="20140911" Time="065158" Name="" export="">CalculateField Combined_Features_Fed_Native_Wild_9_10_14 URL "http://www.nps.gov/findapark/index.html" VB #</Process><Process ToolSource="C:\ArcGIS\Desktop10.0\ArcToolbox\Toolboxes\Data Management Tools.tbx\CalculateField" Date="20140911" Time="072201" Name="" export="">CalculateField Combined_Features_Fed_Native_Wild_9_10_14 URL "http://www.militaryinstallations.dod.mil/MOS/f?p=MI:ENTRY:0" VB #</Process><Process ToolSource="C:\ArcGIS\Desktop10.0\ArcToolbox\Toolboxes\Data Management Tools.tbx\CalculateField" Date="20140911" Time="072624" Name="" export="">CalculateField Combined_Features_Fed_Native_Wild_9_10_14 URL "http://www.wilderness.net/nwps/atoz" VB #</Process><Process ToolSource="C:\ArcGIS\Desktop10.0\ArcToolbox\Toolboxes\Data Management Tools.tbx\CalculateField" Date="20140911" Time="072952" Name="" export="">CalculateField Combined_Features_Fed_Native_Wild_9_10_14 URL "http://www.fws.gov/refuges/" VB #</Process><Process ToolSource="C:\ArcGIS\Desktop10.0\ArcToolbox\Toolboxes\Data Management Tools.tbx\CalculateField" Date="20140911" Time="074230" Name="" export="">CalculateField Combined_Features_Fed_Native_Wild_9_10_14 URL "http://www.blm.gov/wo/st/en/prog/blm_special_areas/NLCS/monuments.html" VB #</Process><Process ToolSource="C:\ArcGIS\Desktop10.0\ArcToolbox\Toolboxes\Data Management Tools.tbx\CalculateField" Date="20140911" Time="075623" Name="" export="">CalculateField Combined_Features_Fed_Native_Wild_9_10_14 URL "http://www.cem.va.gov/cems/listcem.asp" VB #</Process><Process ToolSource="C:\ArcGIS\Desktop10.0\ArcToolbox\Toolboxes\Data Management Tools.tbx\CalculateField" Date="20140915" Time="101453" Name="" export="">CalculateField Combined_Features_Fed_Native_Wild_9_11_14 ORIG_NAME UCase( [ORIG_NAME]  ) VB #</Process><Process ToolSource="C:\ArcGIS\Desktop10.0\ArcToolbox\Toolboxes\Data Management Tools.tbx\CalculateField" Date="20140919" Time="130222" Name="" export="">CalculateField Combined_Features_Fed_Native_Wild_9_15_14 FEATURE1 "N/A" VB #</Process><Process ToolSource="C:\ArcGIS\Desktop10.0\ArcToolbox\Toolboxes\Data Management Tools.tbx\CalculateField" Date="20140919" Time="130553" Name="" export="">CalculateField Combined_Features_Fed_Native_Wild_9_15_14 GNIS_Name1 "N/A" VB #</Process><Process ToolSource="C:\ArcGIS\Desktop10.0\ArcToolbox\Toolboxes\Data Management Tools.tbx\CalculateField" Date="20140922" Time="134311" Name="" export="">CalculateField Combined_Features_Fed_Native_Wild_9_22_14 ORIG_NAME "California Desert" VB #</Process><Process ToolSource="C:\ArcGIS\Desktop10.0\ArcToolbox\Toolboxes\Data Management Tools.tbx\CalculateField" Date="20140922" Time="134356" Name="" export="">CalculateField Combined_Features_Fed_Native_Wild_9_22_14 FEATURE1 "National Conservation Area" VB #</Process><Process ToolSource="C:\ArcGIS\Desktop10.0\ArcToolbox\Toolboxes\Data Management Tools.tbx\CalculateField" Date="20140922" Time="134502" Name="" export="">CalculateField Combined_Features_Fed_Native_Wild_9_22_14 GNIS_ID1 "N/A" VB #</Process><Process ToolSource="C:\ArcGIS\Desktop10.0\ArcToolbox\Toolboxes\Data Management Tools.tbx\CalculateField" Date="20140922" Time="134559" Name="" export="">CalculateField Combined_Features_Fed_Native_Wild_9_22_14 GNIS_ID1 "N/A" VB #</Process><Process ToolSource="C:\ArcGIS\Desktop10.0\ArcToolbox\Toolboxes\Data Management Tools.tbx\CalculateField" Date="20140922" Time="134650" Name="" export="">CalculateField Combined_Features_Fed_Native_Wild_9_22_14 GNIS_ID1 "N/A" VB #</Process><Process ToolSource="C:\ArcGIS\Desktop10.0\ArcToolbox\Toolboxes\Data Management Tools.tbx\CalculateField" Date="20140922" Time="134811" Name="" export="">CalculateField Combined_Features_Fed_Native_Wild_9_22_14 FEATURE2 "N/A" VB #</Process><Process ToolSource="C:\ArcGIS\Desktop10.0\ArcToolbox\Toolboxes\Data Management Tools.tbx\CalculateField" Date="20140922" Time="134843" Name="" export="">CalculateField Combined_Features_Fed_Native_Wild_9_22_14 FEATURE2 "N/A" VB #</Process><Process ToolSource="C:\ArcGIS\Desktop10.0\ArcToolbox\Toolboxes\Data Management Tools.tbx\CalculateField" Date="20140922" Time="140102" Name="" export="">CalculateField Combined_Features_Fed_Native_Wild_9_22_14 ORIG_NAME "California Desert" VB #</Process><Process ToolSource="C:\ArcGIS\Desktop10.0\ArcToolbox\Toolboxes\Data Management Tools.tbx\CalculateField" Date="20140922" Time="140158" Name="" export="">CalculateField Combined_Features_Fed_Native_Wild_9_22_14 FEATURE2 "N/A" VB #</Process><Process ToolSource="C:\ArcGIS\Desktop10.0\ArcToolbox\Toolboxes\Data Management Tools.tbx\CalculateField" Date="20140922" Time="140400" Name="" export="">CalculateField Combined_Features_Fed_Native_Wild_9_22_14 FEATURE1 "National Wilderness Area" VB #</Process><Process ToolSource="C:\ArcGIS\Desktop10.0\ArcToolbox\Toolboxes\Data Management Tools.tbx\CalculateField" Date="20140922" Time="143422" Name="" export="">CalculateField Combined_Features_Fed_Native_Wild_9_22_14 ORIG_NAME UCase( [GNIS_Name1] ) VB #</Process><Process ToolSource="C:\ArcGIS\Desktop10.0\ArcToolbox\Toolboxes\Data Management Tools.tbx\CalculateField" Date="20140923" Time="072049" Name="" export="">CalculateField Combined_Features_Fed_Native_Wild_9_22_14 FEATURE3 "National Conservation Area" VB #</Process><Process ToolSource="C:\ArcGIS\Desktop10.0\ArcToolbox\Toolboxes\Data Management Tools.tbx\CalculateField" Date="20140923" Time="072128" Name="" export="">CalculateField Combined_Features_Fed_Native_Wild_9_22_14 ADMIN3 "BLM" VB #</Process><Process ToolSource="C:\ArcGIS\Desktop10.0\ArcToolbox\Toolboxes\Data Management Tools.tbx\CalculateField" Date="20140924" Time="070500" Name="" export="">CalculateField Combined_Features_Fed_Native_Wild_9_22_14 FEDLANP010 [OBJECTID] VB #</Process><Process ToolSource="C:\ArcGIS\Desktop10.0\ArcToolbox\Toolboxes\Data Management Tools.tbx\CalculateField" Date="20140926" Time="072104" Name="" export="">CalculateField Fed_lands ADMIN2 "BLM" VB #</Process><Process ToolSource="C:\ArcGIS\Desktop10.0\ArcToolbox\Toolboxes\Data Management Tools.tbx\CalculateField" Date="20140926" Time="072135" Name="" export="">CalculateField Fed_lands ADMIN2 "FS" VB #</Process><Process ToolSource="C:\ArcGIS\Desktop10.0\ArcToolbox\Toolboxes\Data Management Tools.tbx\CalculateField" Date="20140929" Time="062844" Name="" export="">CalculateField Fed_lands ADMIN1 "NPS" VB #</Process><Process ToolSource="C:\ArcGIS\Desktop10.0\ArcToolbox\Toolboxes\Data Management Tools.tbx\CalculateField" Date="20140929" Time="070624" Name="" export="">CalculateField Fed_lands ADMIN2 "NPS" VB #</Process><Process ToolSource="C:\ArcGIS\Desktop10.0\ArcToolbox\Toolboxes\Data Management Tools.tbx\CalculateField" Date="20141001" Time="061420" Name="" export="">CalculateField Fed_lands GNIS_ID1 "1266753" VB #</Process><Process ToolSource="C:\ArcGIS\Desktop10.0\ArcToolbox\Toolboxes\Data Management Tools.tbx\CalculateField" Date="20141001" Time="062516" Name="" export="">CalculateField Fed_lands GNIS_ID2 LTrim( [GNIS_ID2] ) VB #</Process><Process ToolSource="C:\ArcGIS\Desktop10.0\ArcToolbox\Toolboxes\Data Management Tools.tbx\CalculateField" Date="20141001" Time="063254" Name="" export="">CalculateField Fed_lands GNIS_ID3 LTrim( [GNIS_ID3] ) VB #</Process><Process ToolSource="C:\ArcGIS\Desktop10.0\ArcToolbox\Toolboxes\Data Management Tools.tbx\CalculateField" Date="20141003" Time="083345" Name="" export="">CalculateField Fed_lands GNIS_Name1 "Gulf Islands National Seashore" VB #</Process><Process ToolSource="C:\ArcGIS\Desktop10.0\ArcToolbox\Toolboxes\Data Management Tools.tbx\CalculateField" Date="20141007" Time="135151" Name="" export="">CalculateField Fed_lands ORIG_NAME UCase( [ORIG_NAME] ) VB #</Process><Process ToolSource="C:\ArcGIS\Desktop10.0\ArcToolbox\Toolboxes\Data Management Tools.tbx\CalculateField" Date="20141008" Time="081835" Name="" export="">CalculateField Fed_lands FEDLANP010 [OBJECTID] VB #</Process><Process ToolSource="C:\ArcGIS\Desktop10.0\ArcToolbox\Toolboxes\Data Management Tools.tbx\CalculateField" Date="20141014" Time="081225" Name="" export="">CalculateField Fed_lands ORIG_NAME UCase( [ORIG_NAME] ) VB #</Process><Process ToolSource="C:\ArcGIS\Desktop10.0\ArcToolbox\Toolboxes\Data Management Tools.tbx\CalculateField" Date="20141015" Time="063357" Name="" export="">CalculateField Fed_lands STATE_FIPS "02" VB #</Process><Process ToolSource="C:\ArcGIS\Desktop10.0\ArcToolbox\Toolboxes\Data Management Tools.tbx\CalculateField" Date="20141022" Time="070529" Name="" export="">CalculateField Fed_lands GNIS_Name1 "N/A" VB #</Process><Process ToolSource="C:\ArcGIS\Desktop10.0\ArcToolbox\Toolboxes\Data Management Tools.tbx\CalculateField" Date="20141022" Time="070538" Name="" export="">CalculateField Fed_lands GNIS_ID1 "N/A" VB #</Process><Process ToolSource="C:\ArcGIS\Desktop10.0\ArcToolbox\Toolboxes\Data Management Tools.tbx\CalculateField" Date="20141028" Time="061819" Name="" export="">CalculateField Fed_lands GNIS_ID1 "N/A" VB #</Process><Process ToolSource="C:\ArcGIS\Desktop10.0\ArcToolbox\Toolboxes\Data Management Tools.tbx\CalculateField" Date="20141028" Time="062234" Name="" export="">CalculateField Fed_lands GNIS_ID1 "N/A" VB #</Process><Process ToolSource="C:\ArcGIS\Desktop10.0\ArcToolbox\Toolboxes\Data Management Tools.tbx\CalculateField" Date="20141029" Time="063431" Name="" export="">CalculateField Fed_lands GNIS_ID1 2035556 VB #</Process><Process ToolSource="C:\ArcGIS\Desktop10.0\ArcToolbox\Toolboxes\Data Management Tools.tbx\CalculateField" Date="20141202" Time="125115" Name="" export="">CalculateField Fed_lands ORIG_NAME "[ORIG_NAME] &amp; " CONSERVATION AREA"" VB #</Process><Process ToolSource="c:\program files\arcgis\pro\Resources\ArcToolbox\toolboxes\Data Management Tools.tbx\Copy" Date="20181016" Time="143453" Name="" export="">Copy "L:\Interns_stuff\Julia\ArcGISpro_labs\ArcMap\Lab9 - Learning about rasters\Results\fedlanp010g.shp" L:\Interns_stuff\Julia\ArcGISpro_labs\Lab9\Tetons_data\fedlanp010g.shp shapefile_polygon #</Process><Process ToolSource="c:\program files\arcgis\pro\Resources\ArcToolbox\toolboxes\Analysis Tools.tbx\Clip" Date="20181016" Time="154110" Name="" export="">Clip fedlanp010g Tetons_area L:\Interns_stuff\Julia\ArcGISpro_labs\Lab9\Results_new\fedlands_wyo.shp #</Process><Process ToolSource="c:\program files\arcgis\pro\Resources\ArcToolbox\toolboxes\Data Management Tools.tbx\CopyFeatures" Date="20181022" Time="152301" Name="" export="">CopyFeatures L:\Interns_stuff\Julia\ArcGISpro_labs\Lab9\Results_new\fedlands_wyo.shp L:\Interns_stuff\Julia\ArcGISpro_labs\Lab10\Ten\Ten.gdb\fedlands_wyo # # # #</Process><Process ToolSource="c:\program files\arcgis\pro\Resources\ArcToolbox\Toolboxes\Data Management Tools.tbx\Rename" Date="20181103" Time="162755" Name="" export="">Rename "E:\NR 322 files\2018 Fall semester\Labs -ArcGIS Pro\Lab 10\Data_ten\Lab10_Rasters.gdb\fedlands_wyo" "E:\NR 322 files\2018 Fall semester\Labs -ArcGIS Pro\Lab 10\Data_ten\Lab10_Rasters.gdb\FedLands_WY_b" FeatureClass</Process><Process ToolSource="c:\program files\arcgis\pro\Resources\ArcToolbox\Toolboxes\Data Management Tools.tbx\Copy" Date="20181103" Time="164425">Copy "E:\NR 322 files\2018 Fall semester\Labs -ArcGIS Pro\Lab 10\Data_ten\Lab10_Rasters.gdb\FedLands_WY_b " "E:\NR 322 files\2018 Fall semester\Labs -ArcGIS Pro\Lab 10\Data_ten\RasterLabs_BackupData.gdb\FedLands_WY_b" FeatureClass #</Process><Process ToolSource="c:\program files\arcgis\pro\Resources\ArcToolbox\toolboxes\Analysis Tools.tbx\Clip" Date="20190421" Time="131028">Clip FedLands_WY_b "Clip Clip Features (Polygons)" "C:\Users\MapGirl\Documents\NR426-427\NR427\Lesson 4\FedLands_Tetons.shp" #</Process></lineage><itemProps><itemLocation><linkage Sync="TRUE">file://\\DESKTOP-HKNFILC\C$\Users\MapGirl\Documents\NR426-427\NR427\Lesson 4\FedLands_Tetons.shp</linkage><protocol Sync="TRUE">Local Area Network</protocol></itemLocation><itemName Sync="TRUE">FedLands_Tetons</itemName><imsContentType Sync="TRUE">002</imsContentType><nativeExtBox><westBL Sync="TRUE">454867.531900</westBL><eastBL Sync="TRUE">607798.074700</eastBL><southBL Sync="TRUE">4767503.304200</southBL><northBL Sync="TRUE">5003504.093100</northBL><exTypeCode Sync="TRUE">1</exTypeCode></nativeExtBox><itemSize Sync="TRUE">0.000</itemSize></itemProps><coordRef><type Sync="TRUE">Projected</type><geogcsn Sync="TRUE">GCS_North_American_1983</geogcsn><csUnits Sync="TRUE">Linear Unit: Meter (1.000000)</csUnits><peXml Sync="TRUE">&lt;ProjectedCoordinateSystem xsi:type='typens:ProjectedCoordinateSystem' xmlns:xsi='http://www.w3.org/2001/XMLSchema-instance' xmlns:xs='http://www.w3.org/2001/XMLSchema' xmlns:typens='http://www.esri.com/schemas/ArcGIS/2.2.0'&gt;&lt;WKT&gt;PROJCS[&amp;quot;NAD_1983_UTM_Zone_12N&amp;quot;,GEOGCS[&amp;quot;GCS_North_American_1983&amp;quot;,DATUM[&amp;quot;D_North_American_1983&amp;quot;,SPHEROID[&amp;quot;GRS_1980&amp;quot;,6378137.0,298.257222101]],PRIMEM[&amp;quot;Greenwich&amp;quot;,0.0],UNIT[&amp;quot;Degree&amp;quot;,0.0174532925199433]],PROJECTION[&amp;quot;Transverse_Mercator&amp;quot;],PARAMETER[&amp;quot;False_Easting&amp;quot;,500000.0],PARAMETER[&amp;quot;False_Northing&amp;quot;,0.0],PARAMETER[&amp;quot;Central_Meridian&amp;quot;,-111.0],PARAMETER[&amp;quot;Scale_Factor&amp;quot;,0.9996],PARAMETER[&amp;quot;Latitude_Of_Origin&amp;quot;,0.0],UNIT[&amp;quot;Meter&amp;quot;,1.0],AUTHORITY[&amp;quot;EPSG&amp;quot;,26912]]&lt;/WKT&gt;&lt;XOrigin&gt;-5120900&lt;/XOrigin&gt;&lt;YOrigin&gt;-9998100&lt;/YOrigin&gt;&lt;XYScale&gt;450445547.3910538&lt;/XYScale&gt;&lt;ZOrigin&gt;-100000&lt;/ZOrigin&gt;&lt;ZScale&gt;10000&lt;/ZScale&gt;&lt;MOrigin&gt;-100000&lt;/MOrigin&gt;&lt;MScale&gt;10000&lt;/MScale&gt;&lt;XYTolerance&gt;0.001&lt;/XYTolerance&gt;&lt;ZTolerance&gt;0.001&lt;/ZTolerance&gt;&lt;MTolerance&gt;0.001&lt;/MTolerance&gt;&lt;HighPrecision&gt;true&lt;/HighPrecision&gt;&lt;WKID&gt;26912&lt;/WKID&gt;&lt;LatestWKID&gt;26912&lt;/LatestWKID&gt;&lt;/ProjectedCoordinateSystem&gt;</peXml><projcsn Sync="TRUE">NAD_1983_UTM_Zone_12N</projcsn></coordRef><copyHistory><copy source="L:\Interns_stuff\Julia\ArcGISpro_labs\ArcMap\Lab9 - Learning about rasters\Results\fedlanp010g" dest="\\csunts.acns.colostate.edu\centroid\Interns_stuff\Julia\ArcGISpro_labs\Lab9\Tetons_data\fedlanp010g" date="20181016" time="14345300"/></copyHistory></DataProperties><ArcGISstyle>XTools Pro Metadata</ArcGISstyle><SyncDate>20190421</SyncDate><SyncTime>13102800</SyncTime><ModDate>20190421</ModDate><ModTime>13102800</ModTime><scaleRange><minScale>150000000</minScale><maxScale>5000</maxScale></scaleRange></Esri><dataIdInfo><envirDesc Sync="TRUE">Microsoft Windows 10 Version 10.0 (Build 17134) ; Esri ArcGIS 12.2.1.12813</envirDesc><dataLang><languageCode value="eng" Sync="TRUE"/><countryCode value="USA" Sync="TRUE"/></dataLang><idCitation><resTitle Sync="TRUE">FedLands_Tetons</resTitle><presForm><PresFormCd value="005" Sync="TRUE"/></presForm></idCitation><spatRpType><SpatRepTypCd value="001" Sync="TRUE"/></spatRpType><dataExt><geoEle xmlns=""><GeoBndBox esriExtentType="search"><exTypeCode Sync="TRUE">1</exTypeCode><westBL Sync="TRUE">-111.574473</westBL><eastBL Sync="TRUE">-109.628044</eastBL><northBL Sync="TRUE">45.185020</northBL><southBL Sync="TRUE">43.052575</southBL></GeoBndBox></geoEle></dataExt><idPurp>Federal lands boundaries for the Tetons area - this is a copy of what you created in Lab 9, provided for you as a backup. This is a clipped version of the national federal lands layer.</idPurp><idAbs>&lt;DIV STYLE="text-align:Left;"&gt;&lt;P&gt;&lt;SPAN&gt;Federal lands boundaries for the Tetons area - this is a copy of what you created in Lab 9, provided for you as a backup. This is a clipped version of the national federal lands layer.&lt;/SPAN&gt;&lt;/P&gt;&lt;/DIV&gt;</idAbs><searchKeys><keyword>Federal lands</keyword><keyword>Tetons</keyword></searchKeys></dataIdInfo><mdLang><languageCode value="eng" Sync="TRUE"/><countryCode value="USA" Sync="TRUE"/></mdLang><mdChar><CharSetCd value="004" Sync="TRUE"/></mdChar><distInfo><distFormat><formatName Sync="TRUE">Shapefile</formatName></distFormat><distTranOps><transSize Sync="TRUE">0.000</transSize></distTranOps></distInfo><mdHrLv><ScopeCd value="005" Sync="TRUE"/></mdHrLv><mdHrLvName Sync="TRUE">dataset</mdHrLvName><refSysInfo><RefSystem><refSysID><identCode code="26912" Sync="TRUE"/><idCodeSpace Sync="TRUE">EPSG</idCodeSpace><idVersion Sync="TRUE">6.13(3.0.1)</idVersion></refSysID></RefSystem></refSysInfo><spatRepInfo><VectSpatRep><geometObjs Name="FedLands_Tetons"><geoObjTyp><GeoObjTypCd value="002" Sync="TRUE"></GeoObjTypCd></geoObjTyp><geoObjCnt Sync="TRUE">0</geoObjCnt></geometObjs><topLvl><TopoLevCd value="001" Sync="TRUE"></TopoLevCd></topLvl></VectSpatRep></spatRepInfo><spdoinfo><ptvctinf><esriterm Name="FedLands_Tetons"><efeatyp Sync="TRUE">Simple</efeatyp><efeageom code="4" Sync="TRUE"></efeageom><esritopo Sync="TRUE">FALSE</esritopo><efeacnt Sync="TRUE">0</efeacnt><spindex Sync="TRUE">FALSE</spindex><linrefer Sync="TRUE">TRUE</linrefer></esriterm></ptvctinf></spdoinfo><eainfo><detailed Name="FedLands_Tetons"><enttyp><enttypl Sync="TRUE">FedLands_Tetons</enttypl><enttypt Sync="TRUE">Feature Class</enttypt><enttypc Sync="TRUE">0</enttypc></enttyp><attr><attrlabl Sync="TRUE">FID</attrlabl><attalias Sync="TRUE">FID</attalias><attrtype Sync="TRUE">OID</attrtype><attwidth Sync="TRUE">4</attwidth><atprecis Sync="TRUE">0</atprecis><attscale Sync="TRUE">0</attscale><attrdef Sync="TRUE">Internal feature number.</attrdef><attrdefs Sync="TRUE">Esri</attrdefs><attrdomv><udom Sync="TRUE">Sequential unique whole numbers that are automatically generated.</udom></attrdomv></attr><attr><attrlabl Sync="TRUE">Shape</attrlabl><attalias Sync="TRUE">Shape</attalias><attrtype Sync="TRUE">Geometry</attrtype><attwidth Sync="TRUE">0</attwidth><atprecis Sync="TRUE">0</atprecis><attscale Sync="TRUE">0</attscale><attrdef Sync="TRUE">Feature geometry.</attrdef><attrdefs Sync="TRUE">Esri</attrdefs><attrdomv><udom Sync="TRUE">Coordinates defining the features.</udom></attrdomv></attr><attr><attrlabl Sync="TRUE">OBJECTID</attrlabl><attalias Sync="TRUE">OBJECTID</attalias><attrtype Sync="TRUE">Integer</attrtype><attwidth Sync="TRUE">10</attwidth><atprecis Sync="TRUE">10</atprecis><attscale Sync="TRUE">0</attscale></attr><attr><attrlabl Sync="TRUE">AREA</attrlabl><attalias Sync="TRUE">AREA</attalias><attrtype Sync="TRUE">Double</attrtype><attwidth Sync="TRUE">19</attwidth><atprecis Sync="TRUE">0</atprecis><attscale Sync="TRUE">0</attscale></attr><attr><attrlabl Sync="TRUE">PERIMETER</attrlabl><attalias Sync="TRUE">PERIMETER</attalias><attrtype Sync="TRUE">Double</attrtype><attwidth Sync="TRUE">19</attwidth><atprecis Sync="TRUE">0</atprecis><attscale Sync="TRUE">0</attscale></attr><attr><attrlabl Sync="TRUE">FEDLANP010</attrlabl><attalias Sync="TRUE">FEDLANP010</attalias><attrtype Sync="TRUE">Integer</attrtype><attwidth Sync="TRUE">10</attwidth><atprecis Sync="TRUE">10</atprecis><attscale Sync="TRUE">0</attscale></attr><attr><attrlabl Sync="TRUE">FEATURE1</attrlabl><attalias Sync="TRUE">FEATURE1</attalias><attrtype Sync="TRUE">String</attrtype><attwidth Sync="TRUE">50</attwidth><atprecis Sync="TRUE">0</atprecis><attscale Sync="TRUE">0</attscale></attr><attr><attrlabl Sync="TRUE">GNIS_Name1</attrlabl><attalias Sync="TRUE">GNIS_Name1</attalias><attrtype Sync="TRUE">String</attrtype><attwidth Sync="TRUE">250</attwidth><atprecis Sync="TRUE">0</atprecis><attscale Sync="TRUE">0</attscale></attr><attr><attrlabl Sync="TRUE">GNIS_ID1</attrlabl><attalias Sync="TRUE">GNIS_ID1</attalias><attrtype Sync="TRUE">String</attrtype><attwidth Sync="TRUE">50</attwidth><atprecis Sync="TRUE">0</atprecis><attscale Sync="TRUE">0</attscale></attr><attr><attrlabl Sync="TRUE">ADMIN1</attrlabl><attalias Sync="TRUE">ADMIN1</attalias><attrtype Sync="TRUE">String</attrtype><attwidth Sync="TRUE">10</attwidth><atprecis Sync="TRUE">0</atprecis><attscale Sync="TRUE">0</attscale></attr><attr><attrlabl Sync="TRUE">FEATURE2</attrlabl><attalias Sync="TRUE">FEATURE2</attalias><attrtype Sync="TRUE">String</attrtype><attwidth Sync="TRUE">50</attwidth><atprecis Sync="TRUE">0</atprecis><attscale Sync="TRUE">0</attscale></attr><attr><attrlabl Sync="TRUE">GNIS_Name2</attrlabl><attalias Sync="TRUE">GNIS_Name2</attalias><attrtype Sync="TRUE">String</attrtype><attwidth Sync="TRUE">250</attwidth><atprecis Sync="TRUE">0</atprecis><attscale Sync="TRUE">0</attscale></attr><attr><attrlabl Sync="TRUE">GNIS_ID2</attrlabl><attalias Sync="TRUE">GNIS_ID2</attalias><attrtype Sync="TRUE">String</attrtype><attwidth Sync="TRUE">50</attwidth><atprecis Sync="TRUE">0</atprecis><attscale Sync="TRUE">0</attscale></attr><attr><attrlabl Sync="TRUE">ADMIN2</attrlabl><attalias Sync="TRUE">ADMIN2</attalias><attrtype Sync="TRUE">String</attrtype><attwidth Sync="TRUE">10</attwidth><atprecis Sync="TRUE">0</atprecis><attscale Sync="TRUE">0</attscale></attr><attr><attrlabl Sync="TRUE">FEATURE3</attrlabl><attalias Sync="TRUE">FEATURE3</attalias><attrtype Sync="TRUE">String</attrtype><attwidth Sync="TRUE">50</attwidth><atprecis Sync="TRUE">0</atprecis><attscale Sync="TRUE">0</attscale></attr><attr><attrlabl Sync="TRUE">GNIS_Name3</attrlabl><attalias Sync="TRUE">GNIS_Name3</attalias><attrtype Sync="TRUE">String</attrtype><attwidth Sync="TRUE">250</attwidth><atprecis Sync="TRUE">0</atprecis><attscale Sync="TRUE">0</attscale></attr><attr><attrlabl Sync="TRUE">GNIS_ID3</attrlabl><attalias Sync="TRUE">GNIS_ID3</attalias><attrtype Sync="TRUE">String</attrtype><attwidth Sync="TRUE">50</attwidth><atprecis Sync="TRUE">0</atprecis><attscale Sync="TRUE">0</attscale></attr><attr><attrlabl Sync="TRUE">ADMIN3</attrlabl><attalias Sync="TRUE">ADMIN3</attalias><attrtype Sync="TRUE">String</attrtype><attwidth Sync="TRUE">10</attwidth><atprecis Sync="TRUE">0</atprecis><attscale Sync="TRUE">0</attscale></attr><attr><attrlabl Sync="TRUE">URL</attrlabl><attalias Sync="TRUE">URL</attalias><attrtype Sync="TRUE">String</attrtype><attwidth Sync="TRUE">250</attwidth><atprecis Sync="TRUE">0</atprecis><attscale Sync="TRUE">0</attscale></attr><attr><attrlabl Sync="TRUE">STATE</attrlabl><attalias Sync="TRUE">STATE</attalias><attrtype Sync="TRUE">String</attrtype><attwidth Sync="TRUE">10</attwidth><atprecis Sync="TRUE">0</atprecis><attscale Sync="TRUE">0</attscale></attr><attr><attrlabl Sync="TRUE">STATE_FIPS</attrlabl><attalias Sync="TRUE">STATE_FIPS</attalias><attrtype Sync="TRUE">String</attrtype><attwidth Sync="TRUE">10</attwidth><atprecis Sync="TRUE">0</atprecis><attscale Sync="TRUE">0</attscale></attr><attr><attrlabl Sync="TRUE">ORIG_NAME</attrlabl><attalias Sync="TRUE">ORIG_NAME</attalias><attrtype Sync="TRUE">String</attrtype><attwidth Sync="TRUE">250</attwidth><atprecis Sync="TRUE">0</atprecis><attscale Sync="TRUE">0</attscale></attr><attr><attrlabl Sync="TRUE">GIS_ACRES</attrlabl><attalias Sync="TRUE">GIS_ACRES</attalias><attrtype Sync="TRUE">Double</attrtype><attwidth Sync="TRUE">19</attwidth><atprecis Sync="TRUE">0</atprecis><attscale Sync="TRUE">0</attscale></attr><attr><attrlabl Sync="TRUE">SHAPE_Leng</attrlabl><attalias Sync="TRUE">SHAPE_Leng</attalias><attrtype Sync="TRUE">Double</attrtype><attwidth Sync="TRUE">19</attwidth><atprecis Sync="TRUE">0</atprecis><attscale Sync="TRUE">0</attscale></attr><attr><attrlabl Sync="TRUE">Shape_Le_1</attrlabl><attalias Sync="TRUE">Shape_Le_1</attalias><attrtype Sync="TRUE">Double</attrtype><attwidth Sync="TRUE">19</attwidth><atprecis Sync="TRUE">0</atprecis><attscale Sync="TRUE">0</attscale></attr><attr><attrlabl Sync="TRUE">SHAPE_Area</attrlabl><attalias Sync="TRUE">Shape_Area</attalias><attrtype Sync="TRUE">Double</attrtype><attwidth Sync="TRUE">19</attwidth><atprecis Sync="TRUE">0</atprecis><attscale Sync="TRUE">0</attscale><attrdef Sync="TRUE">Area of feature in internal units squared.</attrdef><attrdefs Sync="TRUE">Esri</attrdefs><attrdomv><udom Sync="TRUE">Positive real numbers that are automatically generated.</udom></attrdomv></attr></detailed></eainfo><mdDateSt Sync="TRUE">20190421</mdDateSt></metadata>
